DELETE FROM mapdata;
DELETE FROM hexmap;
DELETE FROM hexdata;
DELETE FROM hexrepo;

INSERT INTO hexrepo (id) VALUES ('0000-0000-0000-0000');
INSERT INTO hexrepo (id) VALUES ('0000-0000-0000-0001');
INSERT INTO hexrepo (id) VALUES ('0000-0000-0000-0002');
INSERT INTO hexrepo (id) VALUES ('0000-0000-0000-0003');

INSERT INTO hexdata (hexid, key, value) VALUES ('0000-0000-0000-0000', 'exits', '0');
INSERT INTO hexdata (hexid, key, value) VALUES ('0000-0000-0000-0001', 'exits', '0');
INSERT INTO hexdata (hexid, key, value) VALUES ('0000-0000-0000-0002', 'exits', '36');
INSERT INTO hexdata (hexid, key, value) VALUES ('0000-0000-0000-0003', 'exits', '20');

INSERT INTO hexmap (id, x, y, z, hexid) VALUES (19, -2, 2, 0, '0000-0000-0000-0001');
INSERT INTO hexmap (id, x, y, z, hexid) VALUES (17, -1, 2, -1, '0000-0000-0000-0001');
INSERT INTO hexmap (id, x, y, z, hexid) VALUES (16, 0, 2, -2, '0000-0000-0000-0001');
INSERT INTO hexmap (id, x, y, z, hexid) VALUES (8, 1, 1, -2, '0000-0000-0000-0001');
INSERT INTO hexmap (id, x, y, z, hexid) VALUES (20, 2, 0, -2, '0000-0000-0000-0001');
INSERT INTO hexmap (id, x, y, z, hexid) VALUES (21, 2, -1, -1, '0000-0000-0000-0001');
INSERT INTO hexmap (id, x, y, z, hexid) VALUES (23, 2, -2, 0, '0000-0000-0000-0001');
INSERT INTO hexmap (id, x, y, z, hexid) VALUES (11, 1, -2, 1, '0000-0000-0000-0001');
INSERT INTO hexmap (id, x, y, z, hexid) VALUES (9, 0, -2, 2, '0000-0000-0000-0001');
INSERT INTO hexmap (id, x, y, z, hexid) VALUES (3, -1, -1, 2, '0000-0000-0000-0001');
INSERT INTO hexmap (id, x, y, z, hexid) VALUES (12, -2, 0, 2, '0000-0000-0000-0001');
INSERT INTO hexmap (id, x, y, z, hexid) VALUES (14, -2, 1, 1, '0000-0000-0000-0001');
INSERT INTO hexmap (id, x, y, z, hexid) VALUES (5, -1, 1, 0, '0000-0000-0000-0003');
INSERT INTO hexmap (id, x, y, z, hexid) VALUES (4, 0, 1, -1, '0000-0000-0000-0003');
INSERT INTO hexmap (id, x, y, z, hexid) VALUES (6, 1, 0, -1, '0000-0000-0000-0003');
INSERT INTO hexmap (id, x, y, z, hexid) VALUES (7, 1, -1, 0, '0000-0000-0000-0003');
INSERT INTO hexmap (id, x, y, z, hexid) VALUES (1, 0, -1, 1, '0000-0000-0000-0003');
INSERT INTO hexmap (id, x, y, z, hexid) VALUES (2, -1, 0, 1, '0000-0000-0000-0003');
INSERT INTO hexmap (id, x, y, z, hexid) VALUES (0, 0, 0, 0, '0000-0000-0000-0000');

INSERT INTO mapdata (id, key, value) VALUES (19, 'direction', 'N');
INSERT INTO mapdata (id, key, value) VALUES (17, 'direction', 'N');
INSERT INTO mapdata (id, key, value) VALUES (16, 'direction', 'N');
INSERT INTO mapdata (id, key, value) VALUES (8, 'direction', 'N');
INSERT INTO mapdata (id, key, value) VALUES (20, 'direction', 'N');
INSERT INTO mapdata (id, key, value) VALUES (21, 'direction', 'N');
INSERT INTO mapdata (id, key, value) VALUES (23, 'direction', 'N');
INSERT INTO mapdata (id, key, value) VALUES (11, 'direction', 'N');
INSERT INTO mapdata (id, key, value) VALUES (9, 'direction', 'N');
INSERT INTO mapdata (id, key, value) VALUES (3, 'direction', 'N');
INSERT INTO mapdata (id, key, value) VALUES (12, 'direction', 'N');
INSERT INTO mapdata (id, key, value) VALUES (14, 'direction', 'N');
INSERT INTO mapdata (id, key, value) VALUES (5, 'direction', 'SE');
INSERT INTO mapdata (id, key, value) VALUES (4, 'direction', 'E');
INSERT INTO mapdata (id, key, value) VALUES (6, 'direction', 'NE');
INSERT INTO mapdata (id, key, value) VALUES (7, 'direction', 'N');
INSERT INTO mapdata (id, key, value) VALUES (1, 'direction', 'SW');
INSERT INTO mapdata (id, key, value) VALUES (2, 'direction', 'S');
INSERT INTO mapdata (id, key, value) VALUES (0, 'direction', 'SE');
